,Separability_scores,CIU_identity_scores,CIU_speed_scores
0,6.935585161831817e-06,60.0,1.0871095657348633
1,9.436535017662588e-05,10.0,5.21199631690979
